{"prediction":1,"id":1.0,"name":"Clínica los nogales  S.A.S","v17":0.91,"v19":8.18,"v20":16.36,"v23":10.91,"v24":11.82,"v26":10.91,"v29":8.18,"distance":15.726865817605924,"pca1":13.044917787411311,"pca2":-8.784328566524687,"avg(distance)":29.296673804424852}
{"prediction":1,"id":2.0,"name":"Ese instituto nacional de cancerología","v17":4.88,"v19":16.97,"v20":15.68,"v23":25.19,"v24":23.91,"v26":13.88,"v29":10.28,"distance":31.094927849373793,"pca1":25.405459901416307,"pca2":-17.929226005471907,"avg(distance)":29.296673804424852}
{"prediction":1,"id":3.0,"name":"Clínica de occidente","v17":2.8,"v19":31.47,"v20":29.37,"v23":30.77,"v24":22.38,"v26":20.28,"v29":14.69,"distance":41.06822774629483,"pca1":39.31872192417453,"pca2":-11.859065581696445,"avg(distance)":29.296673804424852}
{"prediction":0,"id":4.0,"name":"Centro  de cirugía mínima invasiva S.A.S cecimin S.A.S","v17":7.22,"v19":27.84,"v20":24.74,"v23":19.59,"v24":28.87,"v26":28.87,"v29":28.87,"distance":45.88114242964501,"pca1":41.525060140813416,"pca2":-19.51278070781302,"avg(distance)":55.76103495735396}
{"prediction":0,"id":6.0,"name":"Asisfarma S.A","v17":5.47,"v19":43.52,"v20":27.33,"v23":33.81,"v24":36.23,"v26":23.48,"v29":14.78,"distance":58.75211640414635,"pca1":54.65350904909686,"pca2":-21.55933975303164,"avg(distance)":55.76103495735396}
{"prediction":0,"id":7.0,"name":"Oncólogos asociados de imbanaco  S.A","v17":1.53,"v19":49.49,"v20":31.63,"v23":28.06,"v24":25.51,"v26":31.12,"v29":19.39,"distance":58.68355873463101,"pca1":57.9567785468088,"pca2":-9.207164940254463,"avg(distance)":55.76103495735396}
{"prediction":0,"id":8.0,"name":"Fundación unión  de lucha contra  el cáncer - unicáncer","v17":6.5,"v19":42.28,"v20":34.96,"v23":30.08,"v24":33.33,"v26":26.83,"v29":14.63,"distance":56.09276697257642,"pca1":52.673533194210506,"pca2":-19.284641751356553,"avg(distance)":55.76103495735396}
{"prediction":0,"id":9.0,"name":"Fundación valle del Lili","v17":2.24,"v19":39.55,"v20":41.79,"v23":32.09,"v24":34.33,"v26":40.3,"v29":18.66,"distance":55.227092825972804,"pca1":51.215089551067415,"pca2":-20.665100635727914,"avg(distance)":55.76103495735396}
{"prediction":0,"id":10.0,"name":"Hemato  oncólogos S.A","v17":6.45,"v19":38.71,"v20":46.24,"v23":41.94,"v24":40.86,"v26":39.78,"v29":21.51,"distance":59.929532377152185,"pca1":53.24830922691438,"pca2":-27.49848023835203,"avg(distance)":55.76103495735396}
{"prediction":4,"id":5.0,"name":"Clínica colsanitas S.A","v17":12.73,"v19":30.0,"v20":17.27,"v23":24.55,"v24":53.64,"v26":29.09,"v29":10.91,"distance":63.37155692640188,"pca1":46.6771755796373,"pca2":-42.86251867522376,"avg(distance)":71.09949063004825}
{"prediction":4,"id":11.0,"name":"Centro  oncológico de Antioquia  S.A","v17":5.31,"v19":47.5,"v20":50.31,"v23":54.37,"v24":46.87,"v26":36.25,"v29":16.87,"distance":69.00642422961491,"pca1":61.94287178637376,"pca2":-30.413273743785727,"avg(distance)":71.09949063004825}
{"prediction":4,"id":16.0,"name":"Unidad oncológica sur colombiana","v17":4.35,"v19":45.22,"v20":59.13,"v23":63.48,"v24":63.48,"v26":43.48,"v29":22.61,"distance":80.92049073412797,"pca1":66.04501098510474,"pca2":-46.75662888435698,"avg(distance)":71.09949063004825}
{"prediction":2,"id":12.0,"name":"Instituto de cancerología S.A","v17":3.03,"v19":69.7,"v20":49.49,"v23":55.56,"v24":42.42,"v26":14.14,"v29":27.27,"distance":85.73593657736077,"pca1":83.557922293885,"pca2":-19.202198903414807,"avg(distance)":85.0875096987628}
{"prediction":2,"id":13.0,"name":"Fundación colombiana de cancerología clínica vida","v17":8.83,"v19":57.29,"v20":56.47,"v23":41.27,"v24":39.84,"v26":43.94,"v29":29.57,"distance":75.19793298161497,"pca1":72.18351117710975,"pca2":-21.077709525741383,"avg(distance)":85.0875096987628}
{"prediction":2,"id":15.0,"name":"Clínica de cancerología del norte de Santander Ltda.","v17":14.29,"v19":61.54,"v20":59.34,"v23":39.56,"v24":40.66,"v26":38.46,"v29":41.76,"distance":82.31370270239356,"pca1":79.57590756299255,"pca2":-21.0528047562337,"avg(distance)":85.0875096987628}
{"prediction":2,"id":17.0,"name":"Oncólogos del occidente S.A","v17":4.11,"v19":60.96,"v20":62.33,"v23":67.12,"v24":49.32,"v26":50.68,"v29":23.63,"distance":81.80365929899038,"pca1":76.67407954142672,"pca2":-28.511825637448453,"avg(distance)":85.0875096987628}
{"prediction":2,"id":20.0,"name":"Oncomedica","v17":7.96,"v19":69.91,"v20":69.03,"v23":69.03,"v24":66.37,"v26":61.95,"v29":27.43,"distance":100.38631693345435,"pca1":91.04091128725413,"pca2":-42.296159393617124,"avg(distance)":85.0875096987628}
{"prediction":3,"id":14.0,"name":"Centro  nacional de oncología S.A","v17":3.08,"v19":85.77,"v20":84.62,"v23":30.0,"v24":30.0,"v26":46.54,"v29":10.38,"distance":90.70189790213473,"pca1":90.66598705954195,"pca2":-2.5520724065442346,"avg(distance)":90.37732329884689}
{"prediction":3,"id":18.0,"name":"Centro  cancerológico del caribe","v17":11.82,"v19":86.36,"v20":84.55,"v23":31.82,"v24":32.73,"v26":56.36,"v29":15.45,"distance":93.84580479661543,"pca1":93.6685060134541,"pca2":-5.765939570612829,"avg(distance)":90.37732329884689}
{"prediction":3,"id":19.0,"name":"Centro  radio-oncológico del caribe","v17":3.92,"v19":71.57,"v20":71.08,"v23":34.8,"v24":27.45,"v26":74.02,"v29":50.0,"distance":86.58426719779055,"pca1":86.46718078445974,"pca2":-4.501330177397066,"avg(distance)":90.37732329884689}
